<?xml version="1.0"?>
<!DOCTYPE hibernate-mapping PUBLIC "-//Hibernate/Hibernate Mapping DTD 3.0//EN"
"http://hibernate.sourceforge.net/hibernate-mapping-3.0.dtd">
<!-- Generated 16/09/2014 16:15:31 by Hibernate Tools 3.4.0.CR1 -->
<hibernate-mapping>
    <class name="br.model.GrupoCarro" table="GrupoCarro" catalog="VoceAluga">
        <id name="grupoCarroOid" type="int">
            <column name="grupoCarro_oid" />
            <generator class="assigned" />
        </id>
        <property name="total" type="java.lang.Integer">
            <column name="total" />
        </property>
        <property name="disponiveis" type="java.lang.Integer">
            <column name="disponiveis" />
        </property>
        <property name="descricao" type="string">
            <column name="descricao" length="45" not-null="true" />
        </property>
    </class>
</hibernate-mapping>
