<?xml version="1.0"?>
<!DOCTYPE hibernate-mapping PUBLIC "-//Hibernate/Hibernate Mapping DTD 3.0//EN"
"http://hibernate.sourceforge.net/hibernate-mapping-3.0.dtd">
<!-- Generated 16/09/2014 16:15:31 by Hibernate Tools 3.4.0.CR1 -->
<hibernate-mapping>
    <class name="br.model.Manutencao" table="Manutencao" catalog="VoceAluga">
        <id name="manutencaoOid" type="string">
            <column name="manutencao_oid" length="45" />
            <generator class="assigned" />
        </id>
        <many-to-one name="filial" class="br.model.Filial" fetch="select">
            <column name="filal_oid" length="45" not-null="true" />
        </many-to-one>
        <many-to-one name="carro" class="br.model.Carro" fetch="select">
            <column name="carro_oid" length="45" not-null="true" />
        </many-to-one>
    </class>
</hibernate-mapping>
