<?xml version="1.0"?>
<!DOCTYPE hibernate-mapping PUBLIC "-//Hibernate/Hibernate Mapping DTD 3.0//EN"
"http://hibernate.sourceforge.net/hibernate-mapping-3.0.dtd">
<!-- Generated 01/12/2014 10:10:05 by Hibernate Tools 3.4.0.CR1 -->
<hibernate-mapping>
    <class name="br.model.Perfil" table="Perfil" catalog="VoceAluga">
        <id name="perfilOid" type="string">
            <column name="perfil_oid" length="45" />
            <generator class="assigned" />
        </id>
        <property name="descricao" type="string">
            <column name="descricao" not-null="true" />
        </property>
        <property name="nome" type="string">
            <column name="nome" length="45" not-null="true" />
        </property>
    </class>
</hibernate-mapping>
